md1	https://thumb.wikimedia.org/wikipedia/commons/thumb/0/0e/Masala_Dosa_from_Kerala_2.jpg/960px-Masala_Dosa_from_Kerala_2.jpg?utm_source=commons.wikimedia.org&utm_campaign=imageinfo&utm_content=thumbnail	CC BY-SA 4.0	File:Masala_Dosa_from_Kerala_2.jpg	Ganesh_Mohan_T
md5	https://thumb.wikimedia.org/wikipedia/commons/thumb/4/43/Masala_dosa_01.jpg/960px-Masala_dosa_01.jpg?utm_source=commons.wikimedia.org&utm_campaign=imageinfo&utm_content=thumbnail	CC BY-SA 4.0	File:Masala_dosa_01.jpg	Marajozkee
dt4	https://thumb.wikimedia.org/wikipedia/commons/thumb/8/8a/Tawa_Dosa.JPG/960px-Tawa_Dosa.JPG?utm_source=commons.wikimedia.org&utm_campaign=imageinfo&utm_content=thumbnail	CC BY-SA 4.0	File:Tawa_Dosa.JPG	Kumawat10
mv0	https://thumb.wikimedia.org/wikipedia/commons/thumb/c/c9/Aesthetic_Medu_Vadai.jpg/960px-Aesthetic_Medu_Vadai.jpg?utm_source=commons.wikimedia.org&utm_campaign=imageinfo&utm_content=thumbnail	CC BY-SA 4.0	File:Aesthetic Medu Vadai.jpg	Thamizhpparithi Maari
mv1	https://thumb.wikimedia.org/wikipedia/commons/thumb/8/8b/Idli_and_Medu_Vada.JPG/960px-Idli_and_Medu_Vada.JPG?utm_source=commons.wikimedia.org&utm_campaign=imageinfo&utm_content=thumbnail	CC BY-SA 4.0	File:Idli and Medu Vada.JPG	OdetomyLife
ch5	https://thumb.wikimedia.org/wikipedia/commons/thumb/2/25/Mix_Masala_Tea.jpg/960px-Mix_Masala_Tea.jpg?utm_source=commons.wikimedia.org&utm_campaign=imageinfo&utm_content=thumbnail	CC BY-SA 4.0	File:Mix Masala Tea.jpg	Gaurav Dhwaj Khadka
ti3	https://thumb.wikimedia.org/wikipedia/commons/thumb/4/4f/Thatte_idli_red_chutney_and_grated_coconut_chutney_homemade_by_Sujatha_aunty_karnataka.jpg_04.jpg/960px-Thatte_idli_red_chutney_and_grated_coconut_chutney_homemade_by_Sujatha_aunty_karnataka.jpg_04.jpg?utm_source=commons.wikimedia.org&utm_campaign=imageinfo&utm_content=thumbnail	CC BY-SA 4.0	File:Thatte idli red chutney and grated coconut chutney homemade by Sujatha aunty karnataka.jpg 04.jpg	Draupadigamy9305
ti4	https://thumb.wikimedia.org/wikipedia/commons/thumb/4/43/Thatu_Idli-Kameshwari_Mess%2C_West_Mambala-Chennai_Tamil_nadu-0303.jpg/960px-Thatu_Idli-Kameshwari_Mess%2C_West_Mambala-Chennai_Tamil_nadu-0303.jpg?utm_source=commons.wikimedia.org&utm_campaign=imageinfo&utm_content=thumbnail	CC BY-SA 4.0	File:Thatu Idli-Kameshwari Mess, West Mambala-Chennai Tamil nadu-0303.jpg	Venkatarangan
bd3	(masala-dosa.jpg)	CC BY-SA	Wikimedia Commons "benne dosa" search result — exact file/author to be confirmed	
bd5	(plain-benne-dosa.jpg)	CC BY-SA	Wikimedia Commons "benne dosa" search result — exact file/author to be confirmed	
bd2	(tawa-row.jpg)	CC BY-SA	Wikimedia Commons "benne dosa" search result — exact file/author to be confirmed	
